,Thời gian,Tiêu đề,URL
0,18/11/2025 10:58,Phát Đạt thâu tóm dự án 239 Cách Mạng Tháng 8 từ Đại Quang Minh,https://cafef.vn/phat-dat-thau-tom-du-an-239-cach-mang-thang-8-tu-dai-quang-minh-188251118103632229.chn?utm_source=du-lieu
1,17/11/2025 00:00,PDR: CBTT thông qua nhận chuyển nhượng toàn bộ cổ phần của CTCP Đầu tư Địa ốc Đại Quang Minh tại AKYN,https://cafef.vn/du-lieu/pdr-2341799/pdr-cbtt-thong-qua-nhan-chuyen-nhuong-toan-bo-co-phan-cua-ctcp-dau-tu-dia-oc-dai-quang-minh-tai-akyn.chn?utm_source=du-lieu
2,12/11/2025 13:34,"Phát Đạt muốn rút 99% vốn khỏi công ty sở hữu khu đất “vàng” 3 mặt tiền ở Đà Nẵng, giá không dưới 1.100 tỷ đồng",https://cafef.vn/phat-dat-muon-rut-99-von-khoi-cong-ty-so-huu-khu-dat-vang-3-mat-tien-o-da-nang-gia-khong-duoi-1100-ty-dong-188251112133358699.chn?utm_source=du-lieu
3,12/11/2025 00:00,PDR: Thông qua chủ trương chuyển nhượng toàn bộ cổ phần tại Công ty Cổ phần Đầu tư Bắc Cường,https://cafef.vn/du-lieu/pdr-2338386/pdr-thong-qua-chu-truong-chuyen-nhuong-toan-bo-co-phan-tai-cong-ty-co-phan-dau-tu-bac-cuong.chn?utm_source=du-lieu
4,03/11/2025 22:09,Phát Đạt bán toàn bộ vốn công ty con trị giá hơn 1.408 tỉ đồng,https://cafef.vn/phat-dat-ban-toan-bo-von-cong-ty-con-tri-gia-hon-1408-ti-dong-188251103220425168.chn?utm_source=du-lieu
5,03/11/2025 00:00,PDR: Thông báo thông qua chủ trương cho Công ty con mua thêm cổ phần và chuyển nhượng toàn bộ cổ phần,https://cafef.vn/du-lieu/pdr-2334046/pdr-thong-bao-thong-qua-chu-truong-cho-cong-ty-con-mua-them-co-phan-va-chuyen-nhuong-toan-bo-co-phan.chn?utm_source=du-lieu
6,01/11/2025 18:25,Hé lộ “ông lớn” bất động sản trả lương cho nhân viên gần 40 triệu đồng/tháng,https://cafef.vn/he-lo-ong-lon-bat-dong-san-tra-luong-cho-nhan-vien-gan-40-trieu-dongthang-188251101181930056.chn?utm_source=du-lieu.chn
7,28/10/2025 16:27,"Phát Đạt (PDR) tăng 68% lợi nhuận sau thuế trong quý III, dòng tiền dương trở lại",https://cafef.vn/phat-dat-pdr-tang-68-loi-nhuan-sau-thue-trong-quy-iii-dong-tien-duong-tro-lai-188251028162537626.chn?utm_source=du-lieu.chn
8,28/10/2025 12:00,"Phát Đạt có doanh thu quý 3/2025 gấp 195 lần cùng kỳ, nhờ vào ""quả ngọt"" từ dự án Quy Nhơn Iconic và Kỳ Đồng (TP.HCM)",https://cafef.vn/phat-dat-co-doanh-thu-quy-32025-gap-195-lan-cung-ky-nho-vao-qua-ngot-tu-du-an-quy-nhon-iconic-va-ky-dong-tphcm-188251028120038636.chn?utm_source=du-lieu.chn
9,28/10/2025 00:00,PDR: Giải trình KQKD quý 3/2025 so với cùng kỳ năm trước,https://cafef.vn/du-lieu/PDR-2327145/pdr-giai-trinh-kqkd-quy-32025-so-voi-cung-ky-nam-truoc.chn?utm_source=du-lieu.chn
10,28/10/2025 00:00,PDR: CBTT thông qua chủ trương chuyển nhượng một phần vốn góp tại Thuận An 1,https://cafef.vn/du-lieu/PDR-2327684/pdr-cbtt-thong-qua-chu-truong-chuyen-nhuong-mot-phan-von-gop-tai-thuan-an-1.chn?utm_source=du-lieu.chn
11,27/10/2025 00:00,"PDR: 7.11.2025, ngày GDKHQ lấy ý kiến cổ đông bằng văn bản",https://cafef.vn/du-lieu/PDR-2326254/pdr-7112025-ngay-gdkhq-lay-y-kien-co-dong-bang-van-ban.chn?utm_source=du-lieu.chn
12,20/10/2025 00:00,PDR: CBTT chốt danh sách cổ đông lấy ý kiến cổ đông bằng văn bản,https://cafef.vn/du-lieu/PDR-2321745/pdr-cbtt-chot-danh-sach-co-dong-lay-y-kien-co-dong-bang-van-ban.chn?utm_source=du-lieu.chn
13,14/10/2025 00:00,"PDR: Thông báo về việc triển khai Phương án phát hành ESOP, Quy chế và Danh sách ESOP",https://cafef.vn/du-lieu/PDR-2317196/pdr-thong-bao-ve-viec-trien-khai-phuong-an-phat-hanh-esop-quy-che-va-danh-sach-esop.chn?utm_source=du-lieu.chn
14,07/10/2025 00:00,PDR: Thông báo nhận được Quyết định của Thuế cơ sở 2 Tỉnh Quảng Ngãi về việc xử phạt vi phạm hành chính về thuế,https://cafef.vn/du-lieu/PDR-2312528/pdr-thong-bao-nhan-duoc-quyet-dinh-cua-thue-co-so-2-tinh-quang-ngai-ve-viec-xu-phat-vi-pham-hanh-chinh-ve-thue.chn?utm_source=du-lieu.chn
15,05/10/2025 16:12,Phát Đạt đã hoàn tất nghĩa vụ thuế,https://cafef.vn/phat-dat-da-hoan-tat-nghia-vu-thue-188251005153106238.chn?utm_source=du-lieu.chn
16,05/10/2025 07:06,"Doanh thu tăng đột biến 19.041%, doanh nghiệp này làm gì mà ""tiền vào như nước""?",https://cafef.vn/doanh-thu-tang-dot-bien-19041-doanh-nghiep-nay-lam-gi-ma-tien-vao-nhu-nuoc-188251004232413383.chn?utm_source=du-lieu.chn
17,04/10/2025 13:18,"CEO 1 trong những DN bất động sản lớn nhất sàn chứng khoán nhận cảnh báo tạm hoãn xuất cảnh, công ty đã nộp đủ trước hạn chót",https://cafef.vn/ceo-1-trong-nhung-dn-bat-dong-san-lon-nhat-san-chung-khoan-nhan-canh-bao-tam-hoan-xuat-canh-cong-ty-da-nop-du-truoc-han-chot-188251004131924683.chn?utm_source=du-lieu.chn
18,01/10/2025 16:09,Đột biến KQKD quý 3/2025: Một doanh nghiệp bất động sản được dự báo doanh thu tăng 19.000%,https://cafef.vn/dot-bien-kqkd-quy-32025-mot-doanh-nghiep-bat-dong-san-duoc-du-bao-doanh-thu-tang-19000-188251001161205343.chn?utm_source=du-lieu.chn
19,30/09/2025 00:00,PDR: Nhắc nhở chậm công bố thông tin Quyết định cưỡng chế thuế,https://cafef.vn/du-lieu/PDR-2307618/pdr-nhac-nho-cham-cong-bo-thong-tin-quyet-dinh-cuong-che-thue.chn?utm_source=du-lieu.chn
20,25/09/2025 00:00,PDR: Thông báo nhận được Quyết định của Thuế TP.HCM về việc cưỡng chế thi hành quyết định hành chính về quản lý thuế,https://cafef.vn/du-lieu/PDR-2303617/pdr-thong-bao-nhan-duoc-quyet-dinh-cua-thue-tphcm-ve-viec-cuong-che-thi-hanh-quyet-dinh-hanh-chinh-ve-quan-ly-thue.chn?utm_source=du-lieu.chn
21,25/09/2025 00:00,PDR: Thông báo nhận được Quyết định của Thuế cơ sở 2 Tỉnh Gia Lai về việc cưỡng chế thi hành quyết định hành chính về quản lý thuế,https://cafef.vn/du-lieu/PDR-2303618/pdr-thong-bao-nhan-duoc-quyet-dinh-cua-thue-co-so-2-tinh-gia-lai-ve-viec-cuong-che-thi-hanh-quyet-dinh-hanh-chinh-ve-quan-ly-thue.chn?utm_source=du-lieu.chn
22,24/09/2025 00:00,PDR: Thông báo nhận được Quyết định hành chính về thuế,https://cafef.vn/du-lieu/PDR-2303430/pdr-thong-bao-nhan-duoc-quyet-dinh-hanh-chinh-ve-thue.chn?utm_source=du-lieu.chn
23,22/09/2025 14:06,"Ông Nguyễn Văn Đạt bán xong 88 triệu cổ phiếu PDR, thu hơn 2.100 tỷ đồng",https://cafef.vn/ong-nguyen-van-dat-ban-xong-88-trieu-co-phieu-pdr-thu-hon-2100-ty-dong-188250922140617054.chn?utm_source=du-lieu.chn
24,19/09/2025 00:00,PDR: Ông Nguyễn Văn Đạt - Chủ tịch HĐQT đã bán 88.000.000 cp,https://cafef.vn/du-lieu/PDR-2301557/pdr-ong-nguyen-van-dat-chu-tich-hdqt-da-ban-88000000-cp.chn?utm_source=du-lieu.chn
25,05/09/2025 00:00,PDR: CBTT thông qua chủ trương góp vốn thành lập công ty con,https://cafef.vn/du-lieu/PDR-2290970/pdr-cbtt-thong-qua-chu-truong-gop-von-thanh-lap-cong-ty-con.chn?utm_source=du-lieu.chn
26,03/09/2025 15:59,"Phát Đạt (PDR) tăng trần lên cao nhất 16 tháng, vốn hoá tiến gần mốc tỷ đô sau khi Chủ tịch Nguyễn Văn Đạt đăng ký bán 88 triệu cổ phiếu",https://cafef.vn/phat-dat-pdr-tang-tran-len-cao-nhat-16-thang-von-hoa-tien-gan-moc-ty-do-sau-khi-chu-tich-nguyen-van-dat-dang-ky-ban-88-trieu-co-phieu-188250903155559651.chn?utm_source=du-lieu.chn
27,03/09/2025 09:29,PDR: Giải trình biến động KQKD 6 tháng đầu năm 2025 đã soát xét so với cùng kỳ năm trước,https://cafef.vn/du-lieu/PDR-2286783/pdr-giai-trinh-bien-dong-kqkd-6-thang-dau-nam-2025-da-soat-xet-so-voi-cung-ky-nam-truoc.chn?utm_source=du-lieu.chn
28,03/09/2025 00:00,PDR: Thông báo nhận được Quyết định của Thuế TP.HCM về việc xử phạt vi phạm hành chính về thuế,https://cafef.vn/du-lieu/PDR-2289779/pdr-thong-bao-nhan-duoc-quyet-dinh-cua-thue-tphcm-ve-viec-xu-phat-vi-pham-hanh-chinh-ve-thue.chn?utm_source=du-lieu.chn
29,01/09/2025 19:38,Cường 'đô la' đang nhận lương 14 triệu đồng/tháng,https://cafef.vn/cuong-do-la-dang-nhan-luong-14-trieu-dongthang-188250901191705579.chn?utm_source=du-lieu.chn
30,30/08/2025 14:51,Cổ đông lo lắng khi chủ tịch Phát Đạt đăng ký bán đến 88 triệu cổ phiếu,https://cafef.vn/co-dong-lo-lang-khi-chu-tich-phat-dat-dang-ky-ban-den-88-trieu-co-phieu-188250830145126467.chn?utm_source=du-lieu.chn
31,29/08/2025 20:27,"Chủ tịch Phát Đạt bán 88 triệu cổ phiếu PDR, dự kiến thu về 2.000 tỷ đồng và khẳng định: ""Đây không phải động thái thoái vốn""",https://cafef.vn/chu-tich-phat-dat-ban-88-trieu-co-phieu-pdr-du-kien-thu-ve-2000-ty-dong-va-khang-dinh-day-khong-phai-dong-thai-thoai-von-188250829203043964.chn?utm_source=du-lieu.chn
32,29/08/2025 17:07,"Đăng ký bán 88 triệu cổ phiếu dự thu 2.000 tỷ, Chủ tịch Phát Đạt nói “hy sinh lợi ích cá nhân ngắn hạn”",https://cafef.vn/dang-ky-ban-88-trieu-co-phieu-du-thu-2000-ty-chu-tich-phat-dat-noi-hy-sinh-loi-ich-ca-nhan-ngan-han-188250829170728342.chn?utm_source=du-lieu.chn
33,29/08/2025 00:00,PDR: Ông Nguyễn Văn Đạt - Chủ tịch HĐQT đăng ký bán 88.000.000 cp,https://cafef.vn/du-lieu/PDR-2289092/pdr-ong-nguyen-van-dat-chu-tich-hdqt-dang-ky-ban-88000000-cp.chn?utm_source=du-lieu.chn
34,21/08/2025 00:03,"Phát Đạt báo lãi 65 tỷ khi doanh thu 20 tỷ: ""Phép màu"" từ một giao dịch và đối tác bí ẩn thành lập đúng ngày ký thương vụ",https://cafef.vn/phat-dat-bao-lai-65-ty-khi-doanh-thu-20-ty-phep-mau-tu-mot-giao-dich-va-doi-tac-bi-an-thanh-lap-dung-ngay-ky-thuong-vu-188250820230504568.chn?utm_source=du-lieu.chn
35,21/08/2025 00:00,PDR: Giấy chứng nhận đăng ký doanh nghiệp thay đổi lần thứ 39,https://cafef.vn/du-lieu/PDR-2280079/pdr-giay-chung-nhan-dang-ky-doanh-nghiep-thay-doi-lan-thu-39.chn?utm_source=du-lieu.chn
36,21/08/2025 00:00,"PDR: Sửa đổi, bổ sung Điều lệ công ty",https://cafef.vn/du-lieu/PDR-2280080/pdr-sua-doi-bo-sung-dieu-le-cong-ty.chn?utm_source=du-lieu.chn
37,19/08/2025 00:00,"PDR: 26.8.2025, giao dịch 72.574.296 cp niêm yết bổ sung",https://cafef.vn/du-lieu/PDR-2278180/pdr-2682025-giao-dich-72574296-cp-niem-yet-bo-sung.chn?utm_source=du-lieu.chn
38,18/08/2025 00:00,"PDR: 19.8.2025, niêm yết bổ sung 72.574.296 cp",https://cafef.vn/du-lieu/PDR-2277215/pdr-1982025-niem-yet-bo-sung-72574296-cp.chn?utm_source=du-lieu.chn
39,15/08/2025 00:00,PDR: Đính chính nội dung báo cáo kết quả đợt phát hành cổ phiếu để trả cổ tức,https://cafef.vn/du-lieu/PDR-2275527/pdr-dinh-chinh-noi-dung-bao-cao-ket-qua-dot-phat-hanh-co-phieu-de-tra-co-tuc.chn?utm_source=du-lieu.chn
40,14/08/2025 00:00,PDR: CBTT thay đổi vốn điều lệ và sửa đổi điều lệ công ty,https://cafef.vn/du-lieu/PDR-2271389/pdr-cbtt-thay-doi-von-dieu-le-va-sua-doi-dieu-le-cong-ty.chn?utm_source=du-lieu.chn
41,13/08/2025 00:00,PDR: Thông báo nhận được công văn của UBCKNN về tài liệu báo cáo kết quả phát hành cổ phiếu để trả cổ tức,https://cafef.vn/du-lieu/PDR-2270498/pdr-thong-bao-nhan-duoc-cong-van-cua-ubcknn-ve-tai-lieu-bao-cao-ket-qua-phat-hanh-co-phieu-de-tra-co-tuc.chn?utm_source=du-lieu.chn
42,11/08/2025 00:00,PDR: Số lượng cổ phiếu có quyền biểu quyết đang lưu hành là 979.809.379 cp,https://cafef.vn/du-lieu/PDR-2268240/pdr-so-luong-co-phieu-co-quyen-bieu-quyet-dang-luu-hanh-la-979809379-cp.chn?utm_source=du-lieu.chn
43,11/08/2025 00:00,PDR: Đã phát hành 72.574.296 cổ phiếu để trả cổ tức,https://cafef.vn/du-lieu/PDR-2268242/pdr-da-phat-hanh-72574296-co-phieu-de-tra-co-tuc.chn?utm_source=du-lieu.chn
44,04/08/2025 09:23,Công bố Top 20 công ty bất động sản tư nhân nộp ngân sách lớn nhất Việt Nam,https://cafef.vn/cong-bo-top-20-cong-ty-bat-dong-san-tu-nhan-nop-ngan-sach-lon-nhat-viet-nam-188250804092355599.chn?utm_source=du-lieu.chn
45,02/08/2025 08:58,"Gọi tên 10 DN bất động sản báo lãi tăng mạnh nhất sàn chứng khoán quý 2/2025, có công ty tăng đến 4.009%",https://cafef.vn/goi-ten-10-dn-bat-dong-san-bao-lai-tang-manh-nhat-san-chung-khoan-quy-22025-co-cong-ty-tang-den-4009-188250802085843833.chn?utm_source=du-lieu.chn
46,31/07/2025 08:21,"Doanh thu tăng 141% so với cùng kỳ, Phát Đạt báo lãi quý 2/2025 tăng 30%, đạt 65 tỷ đồng",https://cafef.vn/doanh-thu-tang-141-so-voi-cung-ky-phat-dat-bao-lai-quy-22025-tang-30-dat-65-ty-dong-188250731082402793.chn?utm_source=du-lieu.chn
47,31/07/2025 00:00,PDR: Giải trình KQKD quý 2/2025 so với cùng kỳ năm trước,https://cafef.vn/du-lieu/PDR-2282469/pdr-giai-trinh-kqkd-quy-22025-so-voi-cung-ky-nam-truoc.chn?utm_source=du-lieu.chn
48,30/07/2025 00:00,"PDR: 4.8.2025, ngày GDKHQ trả cổ tức bằng cổ phiếu (tỷ lệ 100:8)",https://cafef.vn/du-lieu/PDR-2268241/pdr-482025-ngay-gdkhq-tra-co-tuc-bang-co-phieu-ty-le-1008.chn?utm_source=du-lieu.chn
49,29/07/2025 08:15,"Dự án của Phát Đạt, Đại Quang Minh, DIC, Investco, Hưng Lộc Phát... nằm trong diện bị thanh tra",https://cafef.vn/du-an-cua-phat-dat-dai-quang-minh-dic-investco-hung-loc-phat-nam-trong-dien-bi-thanh-tra-188250729080012939.chn?utm_source=du-lieu.chn
50,29/07/2025 00:00,PDR: Báo cáo tình hình quản trị 6 tháng đầu năm 2025,https://cafef.vn/du-lieu/PDR-2282542/pdr-bao-cao-tinh-hinh-quan-tri-6-thang-dau-nam-2025.chn?utm_source=du-lieu.chn
51,24/07/2025 00:00,PDR: Thông báo ngày ĐKCC để thực hiện quyền nhận cổ tức bằng cổ phiếu cho cổ đông hiện hữu,https://cafef.vn/du-lieu/PDR-2253502/pdr-thong-bao-ngay-dkcc-de-thuc-hien-quyen-nhan-co-tuc-bang-co-phieu-cho-co-dong-hien-huu.chn?utm_source=du-lieu.chn
52,24/07/2025 00:00,PDR: Thông báo về việc nhận được công văn của UBCKNN về tài liệu báo cáo phát hành cổ phiếu để trả cổ tức,https://cafef.vn/du-lieu/PDR-2255738/pdr-thong-bao-ve-viec-nhan-duoc-cong-van-cua-ubcknn-ve-tai-lieu-bao-cao-phat-hanh-co-phieu-de-tra-co-tuc.chn?utm_source=du-lieu.chn
53,18/07/2025 00:00,PDR: Thông báo ký hợp đồng kiểm toán BCTC 2025,https://cafef.vn/du-lieu/PDR-2251068/pdr-thong-bao-ky-hop-dong-kiem-toan-bctc-2025.chn?utm_source=du-lieu.chn
54,16/07/2025 00:00,PDR: Quyết định của HĐQT triển khai phương án phát hành và hồ sơ phát hành cổ phiếu để trả cho CĐHH,https://cafef.vn/du-lieu/PDR-2247252/pdr-quyet-dinh-cua-hdqt-trien-khai-phuong-an-phat-hanh-va-ho-so-phat-hanh-co-phieu-de-tra-cho-cdhh.chn?utm_source=du-lieu.chn
55,14/07/2025 00:00,PDR: Ông Nguyễn Tấn Danh - Phó chủ tịch HĐQT đã bán 3.397.652 cp,https://cafef.vn/du-lieu/PDR-2245551/pdr-ong-nguyen-tan-danh-pho-chu-tich-hdqt-da-ban-3397652-cp.chn?utm_source=du-lieu.chn
56,03/07/2025 00:00,PDR: Đính chính nội dung Bản sửa đổi điều lệ công ty,https://cafef.vn/du-lieu/PDR-2237115/pdr-dinh-chinh-noi-dung-ban-sua-doi-dieu-le-cong-ty.chn?utm_source=du-lieu.chn
57,30/06/2025 00:00,"PDR: Bản sửa đổi Điều lệ công ty, Quy chế nội bộ về quản trị công ty, Quy chế hoạt động của HĐQT",https://cafef.vn/du-lieu/PDR-2233619/pdr-ban-sua-doi-dieu-le-cong-ty-quy-che-noi-bo-ve-quan-tri-cong-ty-quy-che-hoat-dong-cua-hdqt.chn?utm_source=du-lieu.chn
58,30/06/2025 00:00,PDR: Bổ nhiệm ông Vũ Thành Lê giữ chức Thành viên độc lập HĐQT từ 27.6.2025,https://cafef.vn/du-lieu/PDR-2234234/pdr-bo-nhiem-ong-vu-thanh-le-giu-chuc-thanh-vien-doc-lap-hdqt-tu-2762025.chn?utm_source=du-lieu.chn
59,30/06/2025 00:00,PDR: Biên bản họp và Nghị quyết ĐHĐCĐ thường niên năm 2025,https://cafef.vn/du-lieu/PDR-2234404/pdr-bien-ban-hop-va-nghi-quyet-dhdcd-thuong-nien-nam-2025.chn?utm_source=du-lieu.chn
60,28/06/2025 08:25,"Chủ tịch Phát Đạt: Sau khi sáp nhập hai địa phương Bà Rịa - Vũng Tàu và Bình Dương vào TP.HCM, tổng quỹ đất của công ty gần 1.000 ha",https://cafef.vn/chu-tich-phat-dat-sau-khi-sap-nhap-hai-dia-phuong-ba-ria-vung-tau-va-binh-duong-vao-tphcm-tong-quy-dat-cua-cong-ty-gan-1000-ha-188250628074247917.chn?utm_source=du-lieu.chn
61,23/06/2025 18:58,Phát Đạt muốn bán công ty con ngàn tỉ ở Bình Định,https://cafef.vn/phat-dat-muon-ban-cong-ty-con-ngan-ti-o-binh-dinh-188250623175907242.chn?utm_source=du-lieu.chn
62,23/06/2025 00:00,PDR: Báo cáo tiến độ sử dụng vốn từ đợt chào bán,https://cafef.vn/du-lieu/PDR-2228169/pdr-bao-cao-tien-do-su-dung-von-tu-dot-chao-ban.chn?utm_source=du-lieu.chn
63,20/06/2025 00:00,PDR: CBTT chuyển nhượng toàn bộ cổ phần tại công ty con,https://cafef.vn/du-lieu/PDR-2227953/pdr-cbtt-chuyen-nhuong-toan-bo-co-phan-tai-cong-ty-con.chn?utm_source=du-lieu.chn
64,09/06/2025 00:00,PDR: Ông Nguyễn Tấn Danh - Phó chủ tịch HĐQT đăng ký bán 3.397.652 cp,https://cafef.vn/du-lieu/PDR-2217811/pdr-ong-nguyen-tan-danh-pho-chu-tich-hdqt-dang-ky-ban-3397652-cp.chn?utm_source=du-lieu.chn
65,08/06/2025 13:47,"Con trai Chủ tịch Phát Đạt (PDR) muốn bán sạch 3,4 triệu cổ phiếu",https://cafef.vn/con-trai-chu-tich-phat-dat-pdr-muon-ban-sach-34-trieu-co-phieu-188250608131229271.chn?utm_source=du-lieu.chn
66,29/05/2025 00:00,"PDR: Đính chính một số nội dung của Báo cáo tình hình quản trị công ty năm 2023, bổ sung một số QĐ HĐQT năm 2021, 2023",https://cafef.vn/du-lieu/PDR-2211273/pdr-dinh-chinh-mot-so-noi-dung-cua-bao-cao-tinh-hinh-quan-tri-cong-ty-nam-2023-bo-sung-mot-so-qd-hdqt-nam-2021-2023.chn?utm_source=du-lieu.chn
67,29/05/2025 00:00,PDR: CBTT triển khai tổ chức họp ĐHĐCĐ thường niên 2025,https://cafef.vn/du-lieu/PDR-2211276/pdr-cbtt-trien-khai-to-chuc-hop-dhdcd-thuong-nien-2025.chn?utm_source=du-lieu.chn
68,23/05/2025 00:00,"PDR: 16.4.2026, giao dịch 34.095.000 cp niêm yết bổ sung",https://cafef.vn/du-lieu/PDR-2205167/pdr-1642026-giao-dich-34095000-cp-niem-yet-bo-sung.chn?utm_source=du-lieu.chn
69,22/05/2025 00:00,"PDR: 23.5.2025, niêm yết bổ sung 34.095.000 cp",https://cafef.vn/du-lieu/PDR-2204387/pdr-2352025-niem-yet-bo-sung-34095000-cp.chn?utm_source=du-lieu.chn
70,08/05/2025 17:29,PDR: Cải chính thông tin liên quan đến chỉ tiêu lợi nhuận sau thuế thu nhập doanh nghiệp,https://cafef.vn/du-lieu/PDR-2227402/pdr-cai-chinh-thong-tin-lien-quan-den-chi-tieu-loi-nhuan-sau-thue-thu-nhap-doanh-nghiep.chn?utm_source=du-lieu.chn
71,08/05/2025 00:00,PDR: Cải chính thông tin liên quan đến chỉ tiêu lợi nhuận sau thuế thu nhập doanh nghiệp,https://cafef.vn/du-lieu/PDR-2197401/pdr-cai-chinh-thong-tin-lien-quan-den-chi-tieu-loi-nhuan-sau-thue-thu-nhap-doanh-nghiep.chn?utm_source=du-lieu.chn
72,05/05/2025 00:00,PDR: Giấy chứng nhận đăng ký doanh nghiệp thay đổi lần thứ 38,https://cafef.vn/du-lieu/PDR-2196250/pdr-giay-chung-nhan-dang-ky-doanh-nghiep-thay-doi-lan-thu-38.chn?utm_source=du-lieu.chn
73,01/05/2025 09:29,Phát Đạt (PDR) bị phạt gần nửa tỷ đồng vì hàng loạt vi phạm trong công bố thông tin và sử dụng vốn trái phiếu,https://cafef.vn/phat-dat-pdr-bi-phat-gan-nua-ty-dong-vi-hang-loat-vi-pham-trong-cong-bo-thong-tin-va-su-dung-von-trai-phieu-188250501091831879.chn?utm_source=du-lieu.chn
74,29/04/2025 00:00,"PDR: 19.5.2025, ngày GDKHQ tham dự ĐHCĐ thường niên năm 2025",https://cafef.vn/du-lieu/PDR-2195738/pdr-1952025-ngay-gdkhq-tham-du-dhcd-thuong-nien-nam-2025.chn?utm_source=du-lieu.chn
75,28/04/2025 00:00,PDR: Quyết định của HĐQT về việc chốt ngày ĐKCC để thực hiện quyền tham dự ĐHĐCĐ thường niên 2025,https://cafef.vn/du-lieu/PDR-2195407/pdr-quyet-dinh-cua-hdqt-ve-viec-chot-ngay-dkcc-de-thuc-hien-quyen-tham-du-dhdcd-thuong-nien-2025.chn?utm_source=du-lieu.chn
76,28/04/2025 00:00,PDR: Bổ nhiệm lại ông Bùi Quang Anh Vũ giữ chức Tổng giám đốc,https://cafef.vn/du-lieu/PDR-2220532/pdr-bo-nhiem-lai-ong-bui-quang-anh-vu-giu-chuc-tong-giam-doc.chn?utm_source=du-lieu.chn
77,25/04/2025 16:03,"Phát Đạt (PDR): Doanh thu quý 1/2025 gấp 2,7 lần cùng kỳ nhưng lợi nhuận giảm, đã phát hành 34,1 triệu cp để hoán đổi nợ",https://cafef.vn/phat-dat-pdr-doanh-thu-quy-12025-gap-27-lan-cung-ky-nhung-loi-nhuan-giam-da-phat-hanh-341-trieu-cp-de-hoan-doi-no-188250425150832761.chn?utm_source=du-lieu.chn
78,24/04/2025 00:00,PDR: Thông báo công văn của UBCKNN về tài liệu báo cáo phát hành cổ phiếu để hoán đổi nợ của PDR,https://cafef.vn/du-lieu/PDR-2189824/pdr-thong-bao-cong-van-cua-ubcknn-ve-tai-lieu-bao-cao-phat-hanh-co-phieu-de-hoan-doi-no-cua-pdr.chn?utm_source=du-lieu.chn
79,24/04/2025 00:00,"PDR: Sửa đổi, bổ sung Điều lệ công ty",https://cafef.vn/du-lieu/PDR-2189826/pdr-sua-doi-bo-sung-dieu-le-cong-ty.chn?utm_source=du-lieu.chn
80,24/04/2025 00:00,PDR: Quyết định của HĐQT thông qua việc thay đổi vốn điều lệ Công ty,https://cafef.vn/du-lieu/PDR-2189830/pdr-quyet-dinh-cua-hdqt-thong-qua-viec-thay-doi-von-dieu-le-cong-ty.chn?utm_source=du-lieu.chn
81,24/04/2025 00:00,PDR: Đính chính một số nội dung trong Báo cáo tình hình quản trị Công ty năm 2024,https://cafef.vn/du-lieu/PDR-2190182/pdr-dinh-chinh-mot-so-noi-dung-trong-bao-cao-tinh-hinh-quan-tri-cong-ty-nam-2024.chn?utm_source=du-lieu.chn
82,23/04/2025 00:00,PDR: Giải trình KQKD BCTC riêng quý 1/2025 so với cùng kỳ năm trước,https://cafef.vn/du-lieu/PDR-2186954/pdr-giai-trinh-kqkd-bctc-rieng-quy-12025-so-voi-cung-ky-nam-truoc.chn?utm_source=du-lieu.chn
83,21/04/2025 11:13,PDR: Báo cáo thường niên năm 2024,https://cafef.vn/du-lieu/PDR-2178583/pdr-bao-cao-thuong-nien-nam-2024.chn?utm_source=du-lieu.chn
84,21/04/2025 00:00,PDR: Số lượng cổ phiếu có quyền biểu quyết đang lưu hành là 907.235.083 cp,https://cafef.vn/du-lieu/PDR-2184220/pdr-so-luong-co-phieu-co-quyen-bieu-quyet-dang-luu-hanh-la-907235083-cp.chn?utm_source=du-lieu.chn
85,21/04/2025 00:00,PDR: Đã phát hành 34.095.000 cổ phiếu để hoán đổi nợ,https://cafef.vn/du-lieu/PDR-2184230/pdr-da-phat-hanh-34095000-co-phieu-de-hoan-doi-no.chn?utm_source=du-lieu.chn
86,17/04/2025 00:00,PDR: CBTT thông qua kết quả phân phối cổ phiếu phát hành để hoán đổi nợ,https://cafef.vn/du-lieu/PDR-2181596/pdr-cbtt-thong-qua-ket-qua-phan-phoi-co-phieu-phat-hanh-de-hoan-doi-no.chn?utm_source=du-lieu.chn
87,16/04/2025 00:00,PDR: Thông báo nhận được công văn của UBCKNN về hồ sơ đăng ký phát hành cổ phiếu để hoán đổi nợ,https://cafef.vn/du-lieu/PDR-2179783/pdr-thong-bao-nhan-duoc-cong-van-cua-ubcknn-ve-ho-so-dang-ky-phat-hanh-co-phieu-de-hoan-doi-no.chn?utm_source=du-lieu.chn
88,11/04/2025 00:00,PDR: Công ty TNHH Phát Đạt Holdings đã bán 880.000 cp,https://cafef.vn/du-lieu/PDR-2181114/pdr-cong-ty-tnhh-phat-dat-holdings-da-ban-880000-cp.chn?utm_source=du-lieu.chn
89,11/04/2025 00:00,PDR: Ông Nguyễn Văn Đạt - Chủ tịch HĐQT đã bán 1.620.000 cp,https://cafef.vn/du-lieu/PDR-2181116/pdr-ong-nguyen-van-dat-chu-tich-hdqt-da-ban-1620000-cp.chn?utm_source=du-lieu.chn
90,10/04/2025 14:48,Chủ tịch HĐQT Phát Đạt bị call margin hàng triệu cổ phiếu,https://cafef.vn/chu-tich-hdqt-phat-dat-bi-call-margin-hang-trieu-co-phieu-188250410144442547.chn?utm_source=du-lieu.chn
91,04/04/2025 00:00,PDR: Giải trình KQKD năm 2024 sau kiểm toán so với cùng kỳ năm trước,https://cafef.vn/du-lieu/PDR-2165924/pdr-giai-trinh-kqkd-nam-2024-sau-kiem-toan-so-voi-cung-ky-nam-truoc.chn?utm_source=du-lieu.chn
92,04/04/2025 00:00,PDR: Giải trình chênh lệch KQKD năm 2024 trước và sau kiểm toán,https://cafef.vn/du-lieu/PDR-2165925/pdr-giai-trinh-chenh-lech-kqkd-nam-2024-truoc-va-sau-kiem-toan.chn?utm_source=du-lieu.chn
93,02/04/2025 00:00,PDR: Nhắc nhở chậm nộp BCTC kiểm toán năm 2024,https://cafef.vn/du-lieu/PDR-2164219/pdr-nhac-nho-cham-nop-bctc-kiem-toan-nam-2024.chn?utm_source=du-lieu.chn
94,01/04/2025 00:00,PDR: Quyết định của HĐQT gia hạn thời gian tổ chức ĐHĐCĐ thường niên năm 2025,https://cafef.vn/du-lieu/PDR-2163092/pdr-quyet-dinh-cua-hdqt-gia-han-thoi-gian-to-chuc-dhdcd-thuong-nien-nam-2025.chn?utm_source=du-lieu.chn
95,24/03/2025 13:00,"Người từng là ""tay hòm chìa khóa"" của Phát Đạt thao túng cổ phiếu PDR?",https://cafef.vn/nguoi-tung-la-tay-hom-chia-khoa-cua-phat-dat-thao-tung-co-phieu-pdr-188250324122629106.chn?utm_source=du-lieu.chn
96,14/03/2025 00:00,PDR: Ông Lê Quang Phúc - thành viên HĐQT đã bán 240.000 cp,https://cafef.vn/du-lieu/PDR-2150426/pdr-ong-le-quang-phuc-thanh-vien-hdqt-da-ban-240000-cp.chn?utm_source=du-lieu.chn
97,11/03/2025 21:20,"Phát Đạt điều chỉnh giảm doanh thu, lợi nhuận năm 2024, sẽ triển khai loạt dự án bất động sản trọng điểm trong năm 2025",https://cafef.vn/phat-dat-dieu-chinh-giam-doanh-thu-loi-nhuan-nam-2024-se-trien-khai-loat-du-an-bat-dong-san-trong-diem-trong-nam-2025-188250311202508438.chn?utm_source=du-lieu.chn
98,11/03/2025 00:00,"PDR: CBTT thông qua chủ trương điều chỉnh doanh thu, lợi nhuận sau thuế năm 2024",https://cafef.vn/du-lieu/PDR-2147826/pdr-cbtt-thong-qua-chu-truong-dieu-chinh-doanh-thu-loi-nhuan-sau-thue-nam-2024.chn?utm_source=du-lieu.chn
99,01/03/2025 09:37,"Chủ tịch Phát Đạt: Dự kiến sẽ thu đủ khoản nợ 1.000 tỷ đồng từ Danh Khôi trong 6-12 tháng tới, sắp mua thêm 1-2 dự án trong quý II",https://cafef.vn/chu-tich-phat-dat-du-kien-se-thu-du-khoan-no-1000-ty-dong-tu-danh-khoi-trong-612-thang-toi-sap-mua-them-12-du-an-trong-quy-ii-188250301093800789.chn?utm_source=du-lieu.chn
100,20/02/2025 00:00,PDR: Đính chính một số nội dung Báo cáo tình hình quản trị công ty năm 2024,https://cafef.vn/du-lieu/PDR-2134175/pdr-dinh-chinh-mot-so-noi-dung-bao-cao-tinh-hinh-quan-tri-cong-ty-nam-2024.chn?utm_source=du-lieu.chn
101,18/02/2025 00:00,PDR: Ông Lê Quang Phúc - thành viên HĐQT đăng ký bán 240.000 cp,https://cafef.vn/du-lieu/PDR-2133121/pdr-ong-le-quang-phuc-thanh-vien-hdqt-dang-ky-ban-240000-cp.chn?utm_source=du-lieu.chn
102,09/02/2025 10:17,Loạt sếp doanh nghiệp bất động sản nhận thù lao tiền tỷ năm 2024,https://cafef.vn/loat-sep-doanh-nghiep-bat-dong-san-nhan-thu-lao-tien-ty-nam-2024-188250209091827143.chn?utm_source=du-lieu.chn
103,03/02/2025 00:00,PDR: Ông Trương Ngọc Dũng - Phó Tổng giám đốc đã bán 62.097 cp,https://cafef.vn/du-lieu/PDR-2123920/pdr-ong-truong-ngoc-dung-pho-tong-giam-doc-da-ban-62097-cp.chn?utm_source=du-lieu.chn
104,24/01/2025 11:35,"Phát Đạt bất ngờ báo doanh thu quý 4/2024 cao gấp 27 lần, dự án Quy Nhơn Iconic ""mang tiền về cho mẹ""",https://cafef.vn/phat-dat-bat-ngo-bao-doanh-thu-quy-42024-cao-gap-27-lan-du-an-quy-nhon-iconic-mang-tien-ve-cho-me-18825012411355808.chn?utm_source=du-lieu.chn
105,24/01/2025 00:00,PDR: Ông Nguyễn Khắc Sinh - Phó Tổng giám đốc đã bán 57.898 cp,https://cafef.vn/du-lieu/PDR-2123870/pdr-ong-nguyen-khac-sinh-pho-tong-giam-doc-da-ban-57898-cp.chn?utm_source=du-lieu.chn
106,24/01/2025 00:00,PDR: Đơn xin từ nhiệm của ông Phan Lê Hòa - Phó Tổng giám đốc,https://cafef.vn/du-lieu/PDR-2123873/pdr-don-xin-tu-nhiem-cua-ong-phan-le-hoa-pho-tong-giam-doc.chn?utm_source=du-lieu.chn
107,24/01/2025 00:00,PDR: Ông Phan Lê Hòa - Phó Tổng giám đốc từ nhiệm từ 24.1.2025,https://cafef.vn/du-lieu/PDR-2123874/pdr-ong-phan-le-hoa-pho-tong-giam-doc-tu-nhiem-tu-2412025.chn?utm_source=du-lieu.chn
108,24/01/2025 00:00,PDR: Giải trình KQKD HN quý 4/2024 so với cùng kỳ năm trước,https://cafef.vn/du-lieu/PDR-2125770/pdr-giai-trinh-kqkd-hn-quy-42024-so-voi-cung-ky-nam-truoc.chn?utm_source=du-lieu.chn
109,24/01/2025 00:00,PDR: Báo cáo tình hình quản trị Công ty năm 2024,https://cafef.vn/du-lieu/PDR-2134870/pdr-bao-cao-tinh-hinh-quan-tri-cong-ty-nam-2024.chn?utm_source=du-lieu.chn
110,23/01/2025 00:04,Phát Đạt (PDR) vừa bổ nhiệm thêm 2 Phó Tổng giám đốc,https://cafef.vn/phat-dat-pdr-vua-bo-nhiem-them-2-pho-tong-giam-doc-188250122224511235.chn?utm_source=du-lieu.chn
111,22/01/2025 00:00,PDR: Bổ nhiệm ông Nguyễn Hữu giữ chức Phó Tổng giám đốc từ 22.1.2025,https://cafef.vn/du-lieu/PDR-2124203/pdr-bo-nhiem-ong-nguyen-huu-giu-chuc-pho-tong-giam-doc-tu-2212025.chn?utm_source=du-lieu.chn
112,22/01/2025 00:00,PDR: Thông báo thay đổi nhân sự - bổ nhiệm Ông Nguyễn Hữu,https://cafef.vn/du-lieu/PDR-2124206/pdr-thong-bao-thay-doi-nhan-su-bo-nhiem-ong-nguyen-huu.chn?utm_source=du-lieu.chn
113,22/01/2025 00:00,PDR: Bổ nhiệm bà Đặng Việt Tú Uyên giữ chức Phó Tổng giám đốc từ 22.1.2025,https://cafef.vn/du-lieu/PDR-2124211/pdr-bo-nhiem-ba-dang-viet-tu-uyen-giu-chuc-pho-tong-giam-doc-tu-2212025.chn?utm_source=du-lieu.chn
114,20/01/2025 19:08,Tổng Giám đốc Phát Đạt đã bán sạch cổ phiếu PDR,https://cafef.vn/tong-giam-doc-phat-dat-da-ban-sach-co-phieu-pdr-188250120181907263.chn?utm_source=du-lieu.chn
115,20/01/2025 00:00,PDR: Ông Bùi Quang Anh Vũ - Tổng giám đốc đã bán 1.436.526 cp,https://cafef.vn/du-lieu/PDR-2118370/pdr-ong-bui-quang-anh-vu-tong-giam-doc-da-ban-1436526-cp.chn?utm_source=du-lieu.chn
116,14/01/2025 00:00,"PDR: Thông qua tiêu chí và phương pháp đánh giá hiệu quả hoạt động của HĐQT, thành viên HĐQT của Công ty năm 2025",https://cafef.vn/du-lieu/PDR-2115359/pdr-thong-qua-tieu-chi-va-phuong-phap-danh-gia-hieu-qua-hoat-dong-cua-hdqt-thanh-vien-hdqt-cua-cong-ty-nam-2025.chn?utm_source=du-lieu.chn
117,13/01/2025 00:00,PDR: Quyết định của HĐQT số 01/2025 ngày 13/01/2025,https://cafef.vn/du-lieu/PDR-2114673/pdr-quyet-dinh-cua-hdqt-so-012025-ngay-13012025.chn?utm_source=du-lieu.chn
118,08/01/2025 21:47,"Phát Đạt (PDR) lên tiếng về việc nhiều lãnh đạo bán cổ phiếu, khẳng định là giao dịch bình thường, phục vụ nhu cầu cá nhân",https://cafef.vn/phat-dat-pdr-len-tieng-ve-viec-nhieu-lanh-dao-ban-co-phieu-khang-dinh-la-giao-dich-binh-thuong-phuc-vu-nhu-cau-ca-nhan-188250108214936608.chn?utm_source=du-lieu.chn
119,06/01/2025 00:00,"PDR: Thông báo giao dịch cổ phiếu của Người nội bộ Trương Ngọc Dũng, Nguyễn Khắc Sinh, Bùi Quang Anh Vũ",https://cafef.vn/du-lieu/PDR-2111288/pdr-thong-bao-giao-dich-co-phieu-cua-nguoi-noi-bo-truong-ngoc-dung-nguyen-khac-sinh-bui-quang-anh-vu.chn?utm_source=du-lieu.chn
120,22/12/2024 08:44,Phát Đạt dự chi tối đa 650 tỷ đồng mua khu đất của một cá nhân,https://cafef.vn/phat-dat-du-chi-toi-da-650-ty-dong-mua-khu-dat-cua-mot-ca-nhan-188241222084407997.chn?utm_source=du-lieu.chn
121,20/12/2024 00:00,PDR: Nghị quyết HĐQT thông qua chủ trương đồng ý mua tài sản,https://cafef.vn/du-lieu/PDR-2102438/pdr-nghi-quyet-hdqt-thong-qua-chu-truong-dong-y-mua-tai-san.chn?utm_source=du-lieu.chn
122,18/12/2024 17:30,Phát Đạt (PDR) đã chi hơn 1.100 tỷ đồng cho 5 dự án,https://cafef.vn/phat-dat-pdr-da-chi-hon-1100-ty-dong-cho-5-du-an-188241217070409504.chn?utm_source=du-lieu.chn
123,18/12/2024 00:00,PDR: Báo cáo tiến độ sử dụng vốn thu được từ đợt chào bán,https://cafef.vn/du-lieu/PDR-2100752/pdr-bao-cao-tien-do-su-dung-von-thu-duoc-tu-dot-chao-ban.chn?utm_source=du-lieu.chn
124,02/12/2024 00:00,PDR: Nghị quyết HĐQT thông qua giao dịch vay tiền giữa Công ty với các bên liên quan,https://cafef.vn/du-lieu/PDR-2092984/pdr-nghi-quyet-hdqt-thong-qua-giao-dich-vay-tien-giua-cong-ty-voi-cac-ben-lien-quan.chn?utm_source=du-lieu.chn
125,24/10/2024 00:00,PDR: Quyết định của HĐQT về việc dùng tài sản của công ty để đảm bảo cho khoản vay của công ty con,https://cafef.vn/du-lieu/PDR-2080802/pdr-quyet-dinh-cua-hdqt-ve-viec-dung-tai-san-cua-cong-ty-de-dam-bao-cho-khoan-vay-cua-cong-ty-con.chn?utm_source=du-lieu.chn
126,21/10/2024 00:00,PDR: Quyết định của HĐQT thông qua hồ sơ phát hành cổ phiếu để hoán đổi nợ,https://cafef.vn/du-lieu/PDR-2072551/pdr-quyet-dinh-cua-hdqt-thong-qua-ho-so-phat-hanh-co-phieu-de-hoan-doi-no.chn?utm_source=du-lieu.chn
127,15/10/2024 00:00,PDR: Miễn nhiệm bà Lê Trần Bích Thùy - Phó Tổng Giám đốc từ 15.10.2024,https://cafef.vn/du-lieu/PDR-2069864/pdr-mien-nhiem-ba-le-tran-bich-thuy-pho-tong-giam-doc-tu-15102024.chn?utm_source=du-lieu.chn
128,12/10/2024 07:49,"Loạt DN thép, BĐS, dệt may, bảo hiểm báo KQKD Q3/2024: Hòa Phát giữ doanh thu trên 30.000 tỷ, doanh thu Phát Đạt hơn 2 tỷ nhưng lãi 51 tỷ",https://cafef.vn/loat-dn-thep-bds-det-may-bao-hiem-bao-kqkd-q32024-hoa-phat-giu-doanh-thu-tren-30000-ty-doanh-thu-phat-dat-hon-2-ty-nhung-lai-51-ty-188241012074919411.chn?utm_source=du-lieu.chn
129,11/10/2024 21:20,"Phát Đạt (PDR) công bố BCTC quý 3/2024: Lãi sau thuế đạt 51 tỷ đồng, dự án Bắc Hà Thanh có diễn biến mới",https://cafef.vn/phat-dat-pdr-cong-bo-bctc-quy-32024-lai-sau-thue-dat-51-ty-dong-du-an-bac-ha-thanh-co-dien-bien-moi-188241011212231757.chn?utm_source=du-lieu.chn
130,11/10/2024 00:00,PDR: Giải trình KQKD HN và Cty mẹ quý 3/2024 so với cùng kỳ năm trước,https://cafef.vn/du-lieu/PDR-2067743/pdr-giai-trinh-kqkd-hn-va-cty-me-quy-32024-so-voi-cung-ky-nam-truoc.chn?utm_source=du-lieu.chn
131,02/10/2024 00:00,PDR: Đính chính về việc thay đổi nội dung Nghị quyết HĐQT số 23/024 ngày 30/09/2024,https://cafef.vn/du-lieu/PDR-2062628/pdr-dinh-chinh-ve-viec-thay-doi-noi-dung-nghi-quyet-hdqt-so-23024-ngay-30092024.chn?utm_source=du-lieu.chn
132,01/10/2024 00:00,PDR: Quyết định của HĐQT về việc điều chỉnh điều kiện khoản vay nước ngoài chuyển đổi,https://cafef.vn/du-lieu/PDR-2061992/pdr-quyet-dinh-cua-hdqt-ve-viec-dieu-chinh-dieu-kien-khoan-vay-nuoc-ngoai-chuyen-doi.chn?utm_source=du-lieu.chn
133,30/09/2024 00:00,PDR: Nghị quyết HĐQT thông qua chính sách tri ân khách hàng là cổ đông Công ty,https://cafef.vn/du-lieu/PDR-2061780/pdr-nghi-quyet-hdqt-thong-qua-chinh-sach-tri-an-khach-hang-la-co-dong-cong-ty.chn?utm_source=du-lieu.chn
134,26/09/2024 00:00,PDR: Miễn nhiệm bà Ngô Thúy Vân - Kế toán trưởng từ 26.9.2024,https://cafef.vn/du-lieu/PDR-2061358/pdr-mien-nhiem-ba-ngo-thuy-van-ke-toan-truong-tu-2692024.chn?utm_source=du-lieu.chn
135,26/09/2024 00:00,PDR: Bổ nhiệm bà Trần Thị Thùy Trang giữ chức Kế toán trưởng từ 26.9.2024,https://cafef.vn/du-lieu/PDR-2061362/pdr-bo-nhiem-ba-tran-thi-thuy-trang-giu-chuc-ke-toan-truong-tu-2692024.chn?utm_source=du-lieu.chn
136,25/09/2024 00:00,PDR: Con ông Nguyễn Văn Đạt - Chủ tịch HĐQT đã bán 1.086.819 cp,https://cafef.vn/du-lieu/PDR-2059727/pdr-con-ong-nguyen-van-dat-chu-tich-hdqt-da-ban-1086819-cp.chn?utm_source=du-lieu.chn
137,23/09/2024 00:00,PDR: Ông Nguyễn Tấn Danh - Phó chủ tịch HĐQT đã bán 617.754 cp,https://cafef.vn/du-lieu/PDR-2057908/pdr-ong-nguyen-tan-danh-pho-chu-tich-hdqt-da-ban-617754-cp.chn?utm_source=du-lieu.chn
138,30/08/2024 00:00,PDR: Con ông Nguyễn Văn Đạt - Chủ tịch HĐQT đăng ký bán 1.086.819 cp,https://cafef.vn/du-lieu/PDR-2049337/pdr-con-ong-nguyen-van-dat-chu-tich-hdqt-dang-ky-ban-1086819-cp.chn?utm_source=du-lieu.chn
139,30/08/2024 00:00,PDR: Ông Nguyễn Tấn Danh - Phó chủ tịch HĐQT đăng ký bán 617.754 cp,https://cafef.vn/du-lieu/PDR-2049343/pdr-ong-nguyen-tan-danh-pho-chu-tich-hdqt-dang-ky-ban-617754-cp.chn?utm_source=du-lieu.chn
140,29/08/2024 00:00,PDR: Giải trình chênh lệch lợi nhuận sau thuế 6 tháng đầu năm 2024 so với 6 tháng đầu năm 2023,https://cafef.vn/du-lieu/PDR-2045902/pdr-giai-trinh-chenh-lech-loi-nhuan-sau-thue-6-thang-dau-nam-2024-so-voi-6-thang-dau-nam-2023.chn?utm_source=du-lieu.chn
141,25/08/2024 19:01,"Phát Đạt tạm dừng trả cổ tức, ưu tiên phát hành cổ phiếu hoán đổi nợ",https://cafef.vn/phat-dat-tam-dung-tra-co-tuc-uu-tien-phat-hanh-co-phieu-hoan-doi-no-18824082519013952.chn?utm_source=du-lieu.chn
142,23/08/2024 00:00,PDR: Quyết định của HĐQT về việc tạm dừng triển khai phương án phát hành CP trả cổ tức và hủy QĐ số 18,https://cafef.vn/du-lieu/PDR-2044037/pdr-quyet-dinh-cua-hdqt-ve-viec-tam-dung-trien-khai-phuong-an-phat-hanh-cp-tra-co-tuc-va-huy-qd-so-18.chn?utm_source=du-lieu.chn
143,16/08/2024 17:00,"Chủ tịch Phát Đạt báo tin vui cho cổ đông: ""Công ty mới được giao thêm đất dự án Bắc Hà Thanh, chứng tỏ PDR không có vi phạm đất đai trên 63 tỉnh, thành""",https://cafef.vn/chu-tich-phat-dat-bao-tin-vui-cho-co-dong-cong-ty-moi-duoc-giao-them-dat-du-an-bac-ha-thanh-chung-to-pdr-khong-co-vi-pham-dat-dai-tren-63-tinh-thanh-188240816164032192.chn?utm_source=du-lieu.chn
144,05/08/2024 19:10,Các đại gia bất động sản TP HCM trả lương nhân viên thế nào?,https://cafef.vn/cac-dai-gia-bat-dong-san-tp-hcm-tra-luong-nhan-vien-the-nao-188240805161150824.chn?utm_source=du-lieu.chn
145,22/07/2024 14:58,"Con gái Chủ tịch HĐQT Phát Đạt ""quay xe"" không bán cổ phiếu PDR như đăng ký",https://cafef.vn/con-gai-chu-tich-hdqt-phat-dat-quay-xe-khong-ban-co-phieu-pdr-nhu-dang-ky-188240722143701785.chn?utm_source=du-lieu.chn
146,19/07/2024 15:40,"Phát Đạt (PDR): Doanh thu quý 2/2024 chỉ hơn 8 tỷ đồng, “cứu” lợi nhuận nhờ bán công ty liên kết cho “người quen cũ”",https://cafef.vn/phat-dat-pdr-doanh-thu-quy-22024-chi-hon-8-ty-dong-cuu-loi-nhuan-nho-ban-cong-ty-lien-ket-cho-nguoi-quen-cu-188240719152303809.chn?utm_source=du-lieu.chn
147,19/07/2024 13:10,"TTCK lên xuống nhộn nhịp nhưng có những cổ đông của nhiều công ty “chưa 1 lần vui” khi cổ phiếu liên tục dò đáy, giảm đến 81% từ đầu năm",https://cafef.vn/ttck-len-xuong-nhon-nhip-nhung-co-nhung-co-dong-cua-nhieu-cong-ty-chua-1-lan-vui-khi-co-phieu-lien-tuc-do-day-giam-den-81-tu-dau-nam-188240719095851821.chn?utm_source=du-lieu.chn
148,19/07/2024 00:00,PDR: Giải trình biến động kết quả kinh doanh quý 2/2024 so với quý 2/2023,https://cafef.vn/du-lieu/PDR-2025948/pdr-giai-trinh-bien-dong-ket-qua-kinh-doanh-quy-22024-so-voi-quy-22023.chn?utm_source=du-lieu.chn
149,19/07/2024 00:00,PDR: Con ông Nguyễn Văn Đạt - Chủ tịch HĐQT chưa bán cp,https://cafef.vn/du-lieu/PDR-2027362/pdr-con-ong-nguyen-van-dat-chu-tich-hdqt-chua-ban-cp.chn?utm_source=du-lieu.chn
150,18/07/2024 00:00,PDR: Ông Nguyễn Tấn Danh - Phó chủ tịch HĐQT chưa bán cp,https://cafef.vn/du-lieu/PDR-2026464/pdr-ong-nguyen-tan-danh-pho-chu-tich-hdqt-chua-ban-cp.chn?utm_source=du-lieu.chn
151,16/07/2024 00:00,PDR: Báo cáo tình hình quản trị Công ty 06 tháng đầu năm 2024,https://cafef.vn/du-lieu/PDR-2024984/pdr-bao-cao-tinh-hinh-quan-tri-cong-ty-06-thang-dau-nam-2024.chn?utm_source=du-lieu.chn
152,10/07/2024 00:00,PDR: Thông báo về việc giao dịch cổ phiếu thay đổi đăng ký niêm yết,https://cafef.vn/du-lieu/PDR-2021246/pdr-thong-bao-ve-viec-giao-dich-co-phieu-thay-doi-dang-ky-niem-yet.chn?utm_source=du-lieu.chn
153,05/07/2024 00:00,"PDR: 9.7.2024, niêm yết bổ sung 134.329.243 cp",https://cafef.vn/du-lieu/PDR-2018859/pdr-972024-niem-yet-bo-sung-134329243-cp.chn?utm_source=du-lieu.chn
154,05/07/2024 00:00,PDR: Nghị quyết HĐQT về việc triển khai phương án phát hành cổ phiếu để trả cổ tức,https://cafef.vn/du-lieu/PDR-2019138/pdr-nghi-quyet-hdqt-ve-viec-trien-khai-phuong-an-phat-hanh-co-phieu-de-tra-co-tuc.chn?utm_source=du-lieu.chn
155,25/06/2024 00:00,PDR: Bản sửa đổi Điều lệ công ty,https://cafef.vn/du-lieu/PDR-2013492/pdr-ban-sua-doi-dieu-le-cong-ty.chn?utm_source=du-lieu.chn
156,24/06/2024 14:48,Phát Đạt sắp thu về tối thiểu hơn 1.400 tỷ đồng nhờ thoái vốn một công ty liên kết,https://cafef.vn/phat-dat-sap-thu-ve-toi-thieu-hon-1400-ty-dong-nho-thoai-von-mot-cong-ty-lien-ket-188240624144648186.chn?utm_source=du-lieu.chn
157,24/06/2024 00:00,PDR: Thông báo ký kết hợp đồng kiểm toán BCTC 2024,https://cafef.vn/du-lieu/PDR-2012659/pdr-thong-bao-ky-ket-hop-dong-kiem-toan-bctc-2024.chn?utm_source=du-lieu.chn
158,21/06/2024 00:00,PDR: Thông báo chủ trương chuyển nhượng cổ phần tại Công ty liên kết,https://cafef.vn/du-lieu/PDR-2011520/pdr-thong-bao-chu-truong-chuyen-nhuong-co-phan-tai-cong-ty-lien-ket.chn?utm_source=du-lieu.chn
159,19/06/2024 00:00,PDR: CBTT nhận được công văn của UBCK về báo cáo kết quả chào bán cổ phiếu ra công chúng,https://cafef.vn/du-lieu/PDR-2010188/pdr-cbtt-nhan-duoc-cong-van-cua-ubck-ve-bao-cao-ket-qua-chao-ban-co-phieu-ra-cong-chung.chn?utm_source=du-lieu.chn
160,18/06/2024 00:00,PDR: Con ông Nguyễn Văn Đạt - Chủ tịch HĐQT đăng ký bán 1.086.819 cp,https://cafef.vn/du-lieu/PDR-2009970/pdr-con-ong-nguyen-van-dat-chu-tich-hdqt-dang-ky-ban-1086819-cp.chn?utm_source=du-lieu.chn
161,18/06/2024 00:00,"PDR: Báo cáo kết quả giao dịch cổ phiếu của người nội bộ Nguyễn Đình Trí, Trương Ngọc Dũng",https://cafef.vn/du-lieu/PDR-2009972/pdr-bao-cao-ket-qua-giao-dich-co-phieu-cua-nguoi-noi-bo-nguyen-dinh-tri-truong-ngoc-dung.chn?utm_source=du-lieu.chn
162,14/06/2024 00:00,PDR: Số lượng cổ phiếu có quyền biểu quyết đang lưu hành là 873.140.083 cp,https://cafef.vn/du-lieu/PDR-2008579/pdr-so-luong-co-phieu-co-quyen-bieu-quyet-dang-luu-hanh-la-873140083-cp.chn?utm_source=du-lieu.chn
163,14/06/2024 00:00,PDR: Đã phát hành 134.329.243 cp ra công chúng,https://cafef.vn/du-lieu/PDR-2008580/pdr-da-phat-hanh-134329243-cp-ra-cong-chung.chn?utm_source=du-lieu.chn
164,14/06/2024 00:00,PDR: Ông Nguyễn Khắc Sinh - Phó Tổng giám đốc đã mua 100.000 cp,https://cafef.vn/du-lieu/PDR-2008681/pdr-ong-nguyen-khac-sinh-pho-tong-giam-doc-da-mua-100000-cp.chn?utm_source=du-lieu.chn
165,14/06/2024 00:00,PDR: Bà Ngô Thúy Vân - Kế toán trưởng đã mua 270.000 cp,https://cafef.vn/du-lieu/PDR-2008682/pdr-ba-ngo-thuy-van-ke-toan-truong-da-mua-270000-cp.chn?utm_source=du-lieu.chn
166,14/06/2024 00:00,PDR: Ông Phan Lê Hòa - Phó Tổng giám đốc đã mua 100.000 cp,https://cafef.vn/du-lieu/PDR-2008684/pdr-ong-phan-le-hoa-pho-tong-giam-doc-da-mua-100000-cp.chn?utm_source=du-lieu.chn
167,14/06/2024 00:00,PDR: Ông Nguyễn Tấn Danh - Phó chủ tịch HĐQT đăng ký bán 617.754 cp,https://cafef.vn/du-lieu/PDR-2008686/pdr-ong-nguyen-tan-danh-pho-chu-tich-hdqt-dang-ky-ban-617754-cp.chn?utm_source=du-lieu.chn
168,12/06/2024 00:00,PDR: Quyết định của HĐQT thông qua kết quả chào bán cổ phiếu cho CĐHH và phưng án xử lý cổ phiếu chưa phân phối hết,https://cafef.vn/du-lieu/PDR-2006970/pdr-quyet-dinh-cua-hdqt-thong-qua-ket-qua-chao-ban-co-phieu-cho-cdhh-va-phung-an-xu-ly-co-phieu-chua-phan-phoi-het.chn?utm_source=du-lieu.chn
169,12/06/2024 00:00,PDR: Ông Trương Ngọc Dũng - Phó Tổng giám đốc đăng ký mua 100.000 cp,https://cafef.vn/du-lieu/PDR-2007063/pdr-ong-truong-ngoc-dung-pho-tong-giam-doc-dang-ky-mua-100000-cp.chn?utm_source=du-lieu.chn
170,12/06/2024 00:00,PDR: Ông Phan Lê Hòa - Phó Tổng giám đốc đăng ký mua 100.000 cp,https://cafef.vn/du-lieu/PDR-2007064/pdr-ong-phan-le-hoa-pho-tong-giam-doc-dang-ky-mua-100000-cp.chn?utm_source=du-lieu.chn
171,12/06/2024 00:00,PDR: Ông Nguyễn Khắc Sinh - Phó Tổng giám đốc đăng ký mua 100.000 cp,https://cafef.vn/du-lieu/PDR-2007066/pdr-ong-nguyen-khac-sinh-pho-tong-giam-doc-dang-ky-mua-100000-cp.chn?utm_source=du-lieu.chn
172,12/06/2024 00:00,PDR: Ông Nguyễn Đình Trí - Phó Tổng giám đốc đăng ký mua 100.000 cp,https://cafef.vn/du-lieu/PDR-2007067/pdr-ong-nguyen-dinh-tri-pho-tong-giam-doc-dang-ky-mua-100000-cp.chn?utm_source=du-lieu.chn
173,12/06/2024 00:00,PDR: Bà Ngô Thúy Vân - Kế toán trưởng đăng ký mua 270.000 cp,https://cafef.vn/du-lieu/PDR-2007068/pdr-ba-ngo-thuy-van-ke-toan-truong-dang-ky-mua-270000-cp.chn?utm_source=du-lieu.chn
174,07/06/2024 15:55,Chủ tịch Phát Đạt và bên liên quan “rộn ràng” chi hàng trăm tỷ mua đợt phát hành 134 triệu cổ phiếu giá 10.000 đồng,https://cafef.vn/chu-tich-phat-dat-va-ben-lien-quan-ron-rang-chi-hang-tram-ty-mua-dot-phat-hanh-134-trieu-co-phieu-gia-10000-dong-188240607155205561.chn?utm_source=du-lieu.chn
175,06/06/2024 00:00,PDR: Con ông Nguyễn Văn Đạt - Chủ tịch HĐQT đã mua 1.086.819 cp,https://cafef.vn/du-lieu/PDR-2003516/pdr-con-ong-nguyen-van-dat-chu-tich-hdqt-da-mua-1086819-cp.chn?utm_source=du-lieu.chn
176,06/06/2024 00:00,PDR: Ông Nguyễn Tấn Danh - Phó chủ tịch HĐQT đã mua 617.754 cp,https://cafef.vn/du-lieu/PDR-2003526/pdr-ong-nguyen-tan-danh-pho-chu-tich-hdqt-da-mua-617754-cp.chn?utm_source=du-lieu.chn
177,04/06/2024 16:02,Chủ tịch Phát Đạt cùng công ty liên quan vừa chi hơn 600 tỷ mua cổ phiếu PDR,https://cafef.vn/chu-tich-phat-dat-cung-cong-ty-lien-quan-vua-chi-hon-600-ty-mua-co-phieu-pdr-188240604155458112.chn?utm_source=du-lieu.chn
178,04/06/2024 00:00,PDR: Công ty TNHH Phát Đạt Holdings đã mua 12.291.266 cp,https://cafef.vn/du-lieu/PDR-2002540/pdr-cong-ty-tnhh-phat-dat-holdings-da-mua-12291266-cp.chn?utm_source=du-lieu.chn
179,04/06/2024 00:00,PDR: Ông Nguyễn Văn Đạt - Chủ tịch HĐQT đã mua 51.496.689 cp,https://cafef.vn/du-lieu/PDR-2002549/pdr-ong-nguyen-van-dat-chu-tich-hdqt-da-mua-51496689-cp.chn?utm_source=du-lieu.chn
180,04/06/2024 00:00,PDR: Ông Trương Ngọc Dũng - Phó Tổng giám đốc đã mua 9.553 cp,https://cafef.vn/du-lieu/PDR-2002555/pdr-ong-truong-ngoc-dung-pho-tong-giam-doc-da-mua-9553-cp.chn?utm_source=du-lieu.chn
181,04/06/2024 00:00,PDR: Mẹ ông Trần Trọng Gia Vinh - Thành viên HĐQT đã mua 5.654 cp,https://cafef.vn/du-lieu/PDR-2002559/pdr-me-ong-tran-trong-gia-vinh-thanh-vien-hdqt-da-mua-5654-cp.chn?utm_source=du-lieu.chn
182,04/06/2024 00:00,PDR: Ông Bùi Quang Anh Vũ - Tổng giám đốc đã mua 221.003 cp,https://cafef.vn/du-lieu/PDR-2002671/pdr-ong-bui-quang-anh-vu-tong-giam-doc-da-mua-221003-cp.chn?utm_source=du-lieu.chn
183,03/06/2024 00:00,PDR: Ông Nguyễn Khắc Sinh - Phó Tổng giám đốc đã mua 9.487 cp,https://cafef.vn/du-lieu/PDR-2001874/pdr-ong-nguyen-khac-sinh-pho-tong-giam-doc-da-mua-9487-cp.chn?utm_source=du-lieu.chn
184,03/06/2024 00:00,PDR: Ông Nguyễn Đình Trí - Phó Tổng giám đốc đã mua 19.825 cp,https://cafef.vn/du-lieu/PDR-2001878/pdr-ong-nguyen-dinh-tri-pho-tong-giam-doc-da-mua-19825-cp.chn?utm_source=du-lieu.chn
185,02/06/2024 12:44,"Rót gần 100 tỷ vào dự án “đất vàng” nhà thi đấu Phan Đình Phùng, Phát Đạt xin được làm tiếp nhưng bất thành: Sẽ được trả lại bao nhiêu tiền?",https://cafef.vn/rot-gan-100-ty-vao-du-an-dat-vang-nha-thi-dau-phan-dinh-phung-phat-dat-xin-duoc-lam-tiep-nhung-bat-thanh-se-duoc-tra-lai-bao-nhieu-tien-188240602113327556.chn?utm_source=du-lieu.chn
186,31/05/2024 00:00,PDR: Bà Ngô Thúy Vân - Kế toán trưởng đã mua 58.856 cp,https://cafef.vn/du-lieu/PDR-2001197/pdr-ba-ngo-thuy-van-ke-toan-truong-da-mua-58856-cp.chn?utm_source=du-lieu.chn
187,31/05/2024 00:00,PDR: Công đoàn cơ sở PDR đã mua 26.615 cp,https://cafef.vn/du-lieu/PDR-2001208/pdr-cong-doan-co-so-pdr-da-mua-26615-cp.chn?utm_source=du-lieu.chn
188,29/05/2024 00:00,PDR: Con ông Nguyễn Văn Đạt - Chủ tịch HĐQT đăng ký mua 1.086.819 cp,https://cafef.vn/du-lieu/PDR-1999485/pdr-con-ong-nguyen-van-dat-chu-tich-hdqt-dang-ky-mua-1086819-cp.chn?utm_source=du-lieu.chn
189,28/05/2024 00:00,PDR: Công đoàn Cơ sở CTCP Phát triển Bất động sản Phát Đạt đăng ký mua 26.615 cp,https://cafef.vn/du-lieu/PDR-1998980/pdr-cong-doan-co-so-ctcp-phat-trien-bat-dong-san-phat-dat-dang-ky-mua-26615-cp.chn?utm_source=du-lieu.chn
190,27/05/2024 00:00,PDR: Mẹ ông Trần Trọng Gia Vinh - Thành viên HĐQT đăng ký mua 5.654 cp,https://cafef.vn/du-lieu/PDR-1998830/pdr-me-ong-tran-trong-gia-vinh-thanh-vien-hdqt-dang-ky-mua-5654-cp.chn?utm_source=du-lieu.chn
191,27/05/2024 00:00,PDR: Ông Lê Quang Phúc - thành viên HĐQT đã mua 148.690 cp,https://cafef.vn/du-lieu/PDR-1998833/pdr-ong-le-quang-phuc-thanh-vien-hdqt-da-mua-148690-cp.chn?utm_source=du-lieu.chn
192,24/05/2024 00:00,PDR: Ông Bùi Quang Anh Vũ - Tổng giám đốc đăng ký mua 221.003 cp,https://cafef.vn/du-lieu/PDR-1997320/pdr-ong-bui-quang-anh-vu-tong-giam-doc-dang-ky-mua-221003-cp.chn?utm_source=du-lieu.chn
193,24/05/2024 00:00,PDR: Ông Nguyễn Khắc Sinh - Phó Tổng giám đốc đăng ký mua 9.487 cp,https://cafef.vn/du-lieu/PDR-1997321/pdr-ong-nguyen-khac-sinh-pho-tong-giam-doc-dang-ky-mua-9487-cp.chn?utm_source=du-lieu.chn
194,24/05/2024 00:00,PDR: Ông Trương Ngọc Dũng - Phó Tổng giám đốc đăng ký mua 9.553 cp,https://cafef.vn/du-lieu/PDR-1997323/pdr-ong-truong-ngoc-dung-pho-tong-giam-doc-dang-ky-mua-9553-cp.chn?utm_source=du-lieu.chn
195,24/05/2024 00:00,PDR: Ông Nguyễn Tấn Danh - Phó chủ tịch HĐQT đăng ký mua 617.754 cp,https://cafef.vn/du-lieu/PDR-1998403/pdr-ong-nguyen-tan-danh-pho-chu-tich-hdqt-dang-ky-mua-617754-cp.chn?utm_source=du-lieu.chn
196,22/05/2024 00:00,PDR: Bà Ngô Thúy Vân - Kế toán trưởng đăng ký mua 58.856 cp,https://cafef.vn/du-lieu/PDR-1996484/pdr-ba-ngo-thuy-van-ke-toan-truong-dang-ky-mua-58856-cp.chn?utm_source=du-lieu.chn
197,22/05/2024 00:00,PDR: Ông Nguyễn Đình Trí - Phó Tổng giám đốc đăng ký mua 19.825 cp,https://cafef.vn/du-lieu/PDR-1996488/pdr-ong-nguyen-dinh-tri-pho-tong-giam-doc-dang-ky-mua-19825-cp.chn?utm_source=du-lieu.chn
198,20/05/2024 00:00,PDR: Ông Lê Quang Phúc - thành viên HĐQT đăng ký mua 148.690 cp,https://cafef.vn/du-lieu/PDR-1994820/pdr-ong-le-quang-phuc-thanh-vien-hdqt-dang-ky-mua-148690-cp.chn?utm_source=du-lieu.chn
199,16/05/2024 00:00,PDR: Ông Nguyễn Văn Đạt - Chủ tịch HĐQT đăng ký mua 51.496.689 cp,https://cafef.vn/du-lieu/PDR-1993442/pdr-ong-nguyen-van-dat-chu-tich-hdqt-dang-ky-mua-51496689-cp.chn?utm_source=du-lieu.chn
200,16/05/2024 00:00,PDR: Công ty TNHH Phát Đạt Holdings đăng ký mua 12.291.266 cp,https://cafef.vn/du-lieu/PDR-1993444/pdr-cong-ty-tnhh-phat-dat-holdings-dang-ky-mua-12291266-cp.chn?utm_source=du-lieu.chn
201,12/05/2024 15:50,Lộ diện doanh nghiệp được Phát Đạt bán sỉ 2 dự án lớn tại Bình Dương và Bình Định,https://cafef.vn/lo-dien-doanh-nghiep-duoc-phat-dat-ban-si-2-du-an-lon-tai-binh-duong-va-binh-dinh-188240512113758579.chn?utm_source=du-lieu.chn
202,09/05/2024 09:51,"Cổ đông bất động sản ""rộn ràng đón mưa"" cổ tức, thậm chí lên tới 25% hoàn toàn bằng tiền mặt",https://cafef.vn/co-dong-bat-dong-san-ron-rang-don-mua-co-tuc-tham-chi-len-toi-25-hoan-toan-bang-tien-mat-1882405071741137.chn?utm_source=du-lieu.chn
203,06/05/2024 00:00,PDR: Ông Lê Quang Phúc - thành viên HĐQT đã bán 2.062.185 cp,https://cafef.vn/du-lieu/PDR-1988428/pdr-ong-le-quang-phuc-thanh-vien-hdqt-da-ban-2062185-cp.chn?utm_source=du-lieu.chn
204,05/05/2024 09:00,"'Ôm' dự án hơn chục năm không triển khai, Phát Đạt đã 'rót' bao nhiêu tiền vào Nhà thi đấu Phan Đình Phùng?",https://cafef.vn/om-du-an-hon-chuc-nam-khong-trien-khai-phat-dat-da-rot-bao-nhieu-tien-vao-nha-thi-dau-phan-dinh-phung-188240505074949225.chn?utm_source=du-lieu.chn
205,03/05/2024 09:20,"Chủ tịch Phát Đạt nói gì về việc TP.HCM thu hồi dự án nằm ở khu ""đất vàng"" được bao bọc 4 mặt tiền ở Quận 3?",https://cafef.vn/chu-tich-phat-dat-noi-gi-ve-viec-tphcm-thu-hoi-du-an-nam-o-khu-dat-vang-duoc-bao-boc-4-mat-tien-o-quan-3-188240503083919993.chn?utm_source=du-lieu.chn
206,03/05/2024 00:00,"PDR: 10.5.2024, ngày GDKHQ bán ưu đãi (tỷ lệ 5,5:1)",https://cafef.vn/du-lieu/PDR-1989695/pdr-1052024-ngay-gdkhq-ban-uu-dai-ty-le-551.chn?utm_source=du-lieu.chn
207,03/05/2024 00:00,PDR: Bản cáo bạch chào bán thêm cổ phiếu ra công chúng,https://cafef.vn/du-lieu/PDR-2012561/pdr-ban-cao-bach-chao-ban-them-co-phieu-ra-cong-chung.chn?utm_source=du-lieu.chn
208,02/05/2024 00:00,PDR: Nghị quyết và Biên bản họp ĐHĐCĐ thường niên năm 2024,https://cafef.vn/du-lieu/PDR-1986171/pdr-nghi-quyet-va-bien-ban-hop-dhdcd-thuong-nien-nam-2024.chn?utm_source=du-lieu.chn
209,02/05/2024 00:00,PDR: Thông báo chào bán cổ phiếu ra công chúng,https://cafef.vn/du-lieu/PDR-1986614/pdr-thong-bao-chao-ban-co-phieu-ra-cong-chung.chn?utm_source=du-lieu.chn
210,02/05/2024 00:00,PDR: Đính chính về việc thay đổi nội dung Biên bản họp ĐHĐCĐ số 01 ngày 26/04/2024,https://cafef.vn/du-lieu/PDR-2010314/pdr-dinh-chinh-ve-viec-thay-doi-noi-dung-bien-ban-hop-dhdcd-so-01-ngay-26042024.chn?utm_source=du-lieu.chn
211,02/05/2024 00:00,"PDR: Điều lệ công ty sửa đổi và Quy chế nội bộ về QTCT, Quy chế hoạt động của HĐQT",https://cafef.vn/du-lieu/PDR-2010318/pdr-dieu-le-cong-ty-sua-doi-va-quy-che-noi-bo-ve-qtct-quy-che-hoat-dong-cua-hdqt.chn?utm_source=du-lieu.chn
212,26/04/2024 13:33,"ĐHĐCĐ Phát Đạt (PDR): Tiền mặt còn vỏn vẹn 19 tỷ đồng sau “cơn bĩ cực” trái phiếu, sắp phát hành lượng lớn cổ phiếu",https://cafef.vn/dhdcd-phat-dat-pdr-tien-mat-con-von-ven-19-ty-dong-sau-con-bi-cuc-trai-phieu-sap-phat-hanh-luong-lon-co-phieu-188240426114629473.chn?utm_source=du-lieu.chn
213,25/04/2024 00:00,PDR: Quyết định của HĐQT về việc thông qua ngày ĐKCC để thực hiện quyền mua cổ phiếu,https://cafef.vn/du-lieu/PDR-1983134/pdr-quyet-dinh-cua-hdqt-ve-viec-thong-qua-ngay-dkcc-de-thuc-hien-quyen-mua-co-phieu.chn?utm_source=du-lieu.chn
214,24/04/2024 15:51,Phát Đạt (PDR) sắp thu về hơn 1.340 tỷ đồng từ việc chào bán cổ phiếu để triển khai loạt dự án bất động sản,https://cafef.vn/phat-dat-pdr-sap-thu-ve-hon-1340-ty-dong-tu-viec-chao-ban-co-phieu-de-trien-khai-loat-du-an-bat-dong-san-188240424153951752.chn?utm_source=du-lieu.chn
215,24/04/2024 00:00,PDR: Thông báo nhận được giấy chứng nhận đăng ký chào bán cổ phiếu ra công chúng,https://cafef.vn/du-lieu/PDR-1983062/pdr-thong-bao-nhan-duoc-giay-chung-nhan-dang-ky-chao-ban-co-phieu-ra-cong-chung.chn?utm_source=du-lieu.chn
216,24/04/2024 00:00,PDR: Ông Lê Quang Phúc - thành viên HĐQT đăng ký bán 2.062.185 cp,https://cafef.vn/du-lieu/PDR-1983083/pdr-ong-le-quang-phuc-thanh-vien-hdqt-dang-ky-ban-2062185-cp.chn?utm_source=du-lieu.chn
217,19/04/2024 14:14,Phát Đạt tăng gấp đôi lợi nhuận trong quý 1/2024,https://cafef.vn/phat-dat-tang-gap-doi-loi-nhuan-trong-quy-12024-188240419141320921.chn?utm_source=du-lieu.chn
218,19/04/2024 00:00,PDR: Giải trình biến động kết quả kinh doanh quý 1/2024 so với quý 1/2023,https://cafef.vn/du-lieu/PDR-1979677/pdr-giai-trinh-bien-dong-ket-qua-kinh-doanh-quy-12024-so-voi-quy-12023.chn?utm_source=du-lieu.chn
219,16/04/2024 14:55,"Bất ngờ với thù lao của ông chủ các doanh nghiệp địa ốc, thậm chí người giàu nhất Việt Nam chỉ được trả lương 0 đồng",https://cafef.vn/bat-ngo-voi-thu-lao-cua-ong-chu-cac-doanh-nghiep-dia-oc-tham-chi-nguoi-giau-nhat-viet-nam-chi-duoc-tra-luong-0-dong-188240307231016446.chn?utm_source=du-lieu.chn
220,15/04/2024 14:42,"Lợi thế từ quỹ đất dồi dào, doanh thu dự kiến của Phát Đạt lên đến 40.000 tỷ đồng trong 4-5 năm tới",https://cafef.vn/loi-the-tu-quy-dat-doi-dao-doanh-thu-du-kien-cua-phat-dat-len-den-40000-ty-dong-trong-45-nam-toi-188240415111724233.chn?utm_source=du-lieu.chn
221,08/04/2024 14:40,"Thị trường bất động sản vào đà phục hồi, loạt ”đại gia” đặt kế hoạch mục tiêu lãi lớn, Vinhomes đặt mức ""kỷ lục""...",https://cafef.vn/thi-truong-bat-dong-san-vao-da-phuc-hoi-loat-dai-gia-dat-ke-hoach-muc-tieu-lai-lon-vinhomes-dat-muc-ky-luc-18824040814295328.chn?utm_source=du-lieu.chn
222,08/04/2024 14:18,"Phát Đạt đặt mục tiêu doanh thu 2024 tăng gần 400%, huy động thêm gần 1.800 tỷ đồng từ phát hành cổ phiếu",https://cafef.vn/phat-dat-dat-muc-tieu-doanh-thu-2024-tang-gan-400-huy-dong-them-gan-1800-ty-dong-tu-phat-hanh-co-phieu-188240408141611305.chn?utm_source=du-lieu.chn
223,29/03/2024 00:00,PDR: Quyết định HĐQT về việc tổ chức họp ĐHĐCĐ thường niên 2024,https://cafef.vn/du-lieu/PDR-1969621/pdr-quyet-dinh-hdqt-ve-viec-to-chuc-hop-dhdcd-thuong-nien-2024.chn?utm_source=du-lieu.chn
224,28/03/2024 07:06,CEO Phát Đạt tiết lộ bí quyết giúp doanh nghiệp vượt qua khó khăn nhưng không phải ai cũng dám làm vì tiếc tiền,https://cafef.vn/ceo-phat-dat-tiet-lo-bi-quyet-giup-doanh-nghiep-vuot-qua-kho-khan-nhung-khong-phai-ai-cung-dam-lam-vi-tiec-tien-188240327163213412.chn?utm_source=du-lieu.chn
225,27/03/2024 16:09,Phát Đạt (PDR) dự kiến đưa ra thị trường 4 dự án lớn trong năm 2024,https://cafef.vn/phat-dat-pdr-du-kien-dua-ra-thi-truong-4-du-an-lon-trong-nam-2024-188240327160954145.chn?utm_source=du-lieu.chn
226,26/03/2024 05:01,"Chủ tịch HĐQT Phát Đạt: Phát Đạt chuẩn bị đưa ra thị trường 4 đến 6 dự án lớn, tổng giá trị doanh thu dự kiến lên đến 40.000 tỷ đồng",https://cafef.vn/chu-tich-hdqt-phat-dat-phat-dat-chuan-bi-dua-ra-thi-truong-4-den-6-du-an-lon-tong-gia-tri-doanh-thu-du-kien-len-den-40000-ty-dong-188240325165029242.chn?utm_source=du-lieu.chn
227,21/03/2024 13:43,"Phát Đạt (PDR) muốn kiếm 1.340 tỷ đồng thông qua phát hành cổ phiếu giá 10.000 đồng/cp, bằng 1/3 giá trên sàn",https://cafef.vn/phat-dat-pdr-muon-kiem-1340-ty-dong-thong-qua-phat-hanh-co-phieu-gia-10000-dongcp-bang-13-gia-tren-san-188240321134608489.chn?utm_source=du-lieu.chn
228,11/03/2024 00:00,PDR: Báo cáo định kỳ về Trái phiếu,https://cafef.vn/du-lieu/PDR-1957907/pdr-bao-cao-dinh-ky-ve-trai-phieu.chn?utm_source=du-lieu.chn
229,04/03/2024 00:00,PDR: Giải trình chênh lệch lợi nhuận sau thuế năm 2023 kiểm toán so với năm 2022,https://cafef.vn/du-lieu/PDR-1953976/pdr-giai-trinh-chenh-lech-loi-nhuan-sau-thue-nam-2023-kiem-toan-so-voi-nam-2022.chn?utm_source=du-lieu.chn
230,01/03/2024 00:00,"PDR: 18.3.2024, ngày GDKHQ tham dự ĐHCĐ thường niên năm 2024",https://cafef.vn/du-lieu/PDR-1952495/pdr-1832024-ngay-gdkhq-tham-du-dhcd-thuong-nien-nam-2024.chn?utm_source=du-lieu.chn
231,29/02/2024 00:00,PDR: Bổ nhiệm bà Lê Trần Bích Thùy giữ chức Phó Tổng giám đốc từ 1.3.2024,https://cafef.vn/du-lieu/PDR-1954214/pdr-bo-nhiem-ba-le-tran-bich-thuy-giu-chuc-pho-tong-giam-doc-tu-132024.chn?utm_source=du-lieu.chn
232,27/02/2024 00:00,PDR: CBTT về chốt danh sách cổ đông để tổ chức họp ĐHCĐ thường niên năm 2024,https://cafef.vn/du-lieu/PDR-1950933/pdr-cbtt-ve-chot-danh-sach-co-dong-de-to-chuc-hop-dhcd-thuong-nien-nam-2024.chn?utm_source=du-lieu.chn
233,26/02/2024 00:00,PDR: Thông báo thay đổi giấy chứng nhận ĐKDN lần thứ 36,https://cafef.vn/du-lieu/PDR-1949990/pdr-thong-bao-thay-doi-giay-chung-nhan-dkdn-lan-thu-36.chn?utm_source=du-lieu.chn
234,26/02/2024 00:00,PDR: Công bố Điều lệ Công ty được sửa đổi bổ sung,https://cafef.vn/du-lieu/PDR-1950005/pdr-cong-bo-dieu-le-cong-ty-duoc-sua-doi-bo-sung.chn?utm_source=du-lieu.chn
235,22/02/2024 06:42,Diễn biến mới nhất tại dự án 8.500 tỷ của Phát Đạt tại Bình Định,https://cafef.vn/dien-bien-moi-nhat-tai-du-an-8500-ty-cua-phat-dat-tai-binh-dinh-188240222011551111.chn?utm_source=du-lieu.chn
236,11/02/2024 08:08,"'Đôi bạn' Novaland và Phát Đạt trong năm 2023: Cùng nhau báo lãi nhưng còn nhiều nỗi lo, người cổ phiếu đã tăng 120%, kẻ vẫn chưa thể bứt phá",https://cafef.vn/doi-ban-novaland-va-phat-dat-trong-nam-2023-cung-nhau-bao-lai-nhung-con-nhieu-noi-lo-nguoi-co-phieu-da-tang-120-ke-van-chua-the-but-pha-188240102175242961.chn?utm_source=du-lieu.chn
237,05/02/2024 06:58,"Soi ""ví tiền"" của Vinhomes, Novaland, Phát Đạt, Đất Xanh…xuất hiện ""ông lớn"" bất động sản có tiền mặt tăng gấp 7 lần",https://cafef.vn/soi-vi-tien-cua-vinhomes-novaland-phat-dat-dat-xanhxuat-hien-ong-lon-bat-dong-san-co-tien-mat-tang-gap-7-lan-188240205020720784.chn?utm_source=du-lieu.chn
238,05/02/2024 00:00,PDR: Thông qua các nội dung chi tiết về phương án chào bán thêm cổ phiếu ra công chúng để tăng vốn điều lệ,https://cafef.vn/du-lieu/PDR-1941275/pdr-thong-qua-cac-noi-dung-chi-tiet-ve-phuong-an-chao-ban-them-co-phieu-ra-cong-chung-de-tang-von-dieu-le.chn?utm_source=du-lieu.chn
239,05/02/2024 00:00,PDR: Quyết định HĐQT v/v đổi địa chỉ trụ sở Công ty,https://cafef.vn/du-lieu/PDR-1941276/pdr-quyet-dinh-hdqt-vv-doi-dia-chi-tru-so-cong-ty.chn?utm_source=du-lieu.chn
240,04/02/2024 10:38,"“Phần thưởng” cuối năm cho cổ đông BĐS: DN nỗ lực xoá sạch nợ trái phiếu, báo lãi, cổ phiếu đón sự trở lại của dòng tiền",https://cafef.vn/phan-thuong-cuoi-nam-cho-co-dong-bds-dn-no-luc-xoa-sach-no-trai-phieu-bao-lai-co-phieu-don-su-tro-lai-cua-dong-tien-188240204103402026.chn?utm_source=du-lieu.chn
241,02/02/2024 06:44,"So kè lương khủng của các sếp bất động sản: Chủ tịch Novaland tăng gấp 18 lần, Chủ tịch Phát Đạt giảm hơn 80% mất mốc 1 tỷ đồng/tháng",https://cafef.vn/so-ke-luong-khung-cua-cac-sep-bat-dong-san-chu-tich-novaland-tang-gap-18-lan-chu-tich-phat-dat-giam-hon-80-mat-moc-1-ty-dongthang-188240202013258605.chn?utm_source=du-lieu.chn
242,30/01/2024 00:00,PDR: Báo cáo tình hình quản trị công ty năm 2023,https://cafef.vn/du-lieu/PDR-1946058/pdr-bao-cao-tinh-hinh-quan-tri-cong-ty-nam-2023.chn?utm_source=du-lieu.chn
243,29/01/2024 00:00,PDR: Thông báo công văn của UBCKNN về hồ sơ thông báo tỷ lệ SHNN tối đa của PDR,https://cafef.vn/du-lieu/PDR-1937735/pdr-thong-bao-cong-van-cua-ubcknn-ve-ho-so-thong-bao-ty-le-shnn-toi-da-cua-pdr.chn?utm_source=du-lieu.chn
244,25/01/2024 00:00,PDR: Công đoàn cơ sở PDR đã mua 77.281 cp,https://cafef.vn/du-lieu/PDR-1936386/pdr-cong-doan-co-so-pdr-da-mua-77281-cp.chn?utm_source=du-lieu.chn
245,22/01/2024 20:34,"Bán công ty con, Phát Đạt (PDR) lãi gần 300 tỷ đồng trong quý 4/2023, ""sạch bóng"" nợ trái phiếu",https://cafef.vn/ban-cong-ty-con-phat-dat-pdr-lai-gan-300-ty-dong-trong-quy-42023-sach-bong-no-trai-phieu-188240122203125565.chn?utm_source=du-lieu.chn
246,22/01/2024 00:00,PDR: Thông báo giao quyền cho Chủ tịch HĐQT và thông qua các giao dịch với các bên có liên quan năm 2024,https://cafef.vn/du-lieu/PDR-1934469/pdr-thong-bao-giao-quyen-cho-chu-tich-hdqt-va-thong-qua-cac-giao-dich-voi-cac-ben-co-lien-quan-nam-2024.chn?utm_source=du-lieu.chn
247,16/01/2024 00:00,PDR: Công đoàn cơ sở PDR đăng ký mua 77.281 cp,https://cafef.vn/du-lieu/PDR-1931488/pdr-cong-doan-co-so-pdr-dang-ky-mua-77281-cp.chn?utm_source=du-lieu.chn
248,11/01/2024 00:00,PDR: Giấy xác nhận về việc thay đổi nội dung ĐKDN,https://cafef.vn/du-lieu/PDR-1929208/pdr-giay-xac-nhan-ve-viec-thay-doi-noi-dung-dkdn.chn?utm_source=du-lieu.chn
249,11/01/2024 00:00,PDR: Thông báo tỉ lệ sở hữu nước ngoài tối đa là 50%,https://cafef.vn/du-lieu/PDR-1929209/pdr-thong-bao-ti-le-so-huu-nuoc-ngoai-toi-da-la-50.chn?utm_source=du-lieu.chn
250,11/01/2024 00:00,PDR: Công bố Điều lệ Công ty được sửa đổi bổ sung,https://cafef.vn/du-lieu/PDR-1929239/pdr-cong-bo-dieu-le-cong-ty-duoc-sua-doi-bo-sung.chn?utm_source=du-lieu.chn
251,05/01/2024 09:08,"Hơn 20.000 tỷ đồng được chi để trả nợ trái phiếu, gọi tên những DN đã ""xoá sạch sổ"" trong năm 2023, dù lỗ cũng cố trả nợ trước hạn",https://cafef.vn/hon-20000-ty-dong-duoc-chi-de-tra-no-trai-phieu-goi-ten-nhung-dn-da-xoa-sach-so-trong-nam-2023-du-lo-cung-co-tra-no-truoc-han-188240105090824955.chn?utm_source=du-lieu.chn
252,04/01/2024 00:00,PDR: Nghị quyết ĐHĐCĐ bất thường và Biên bản kiểm phiếu lấy ý kiến cổ đông bằng văn bản,https://cafef.vn/du-lieu/PDR-1925712/pdr-nghi-quyet-dhdcd-bat-thuong-va-bien-ban-kiem-phieu-lay-y-kien-co-dong-bang-van-ban.chn?utm_source=du-lieu.chn
